edge_count,control,size
3,False,3
5,False,2
4,False,4
5,False,2
3,False,3
6,False,1
4,False,4
5,False,2
5,False,2
3,False,3
6,False,1
0,False,5
6,False,2
3,False,3
5,False,2
5,False,2
4,False,4
0,False,5
3,False,3
5,False,2
2,False,4
5,False,2
0,False,5
5,False,2
6,True,1
6,True,1
6,True,1
6,True,1
6,True,1
6,True,1
6,True,1
6,True,1
6,True,1
6,True,1
6,True,1
6,True,1
6,True,1
6,True,1
6,True,1
6,True,1
6,True,1
6,True,1
6,True,1
6,True,1
6,True,1
6,True,1
6,True,1
6,True,1
6,True,1
6,True,1
6,True,1
6,True,1
6,True,1
6,True,1
6,True,1
6,True,1
6,True,1
6,True,1
6,True,1
6,True,1
6,True,1
6,True,1
6,True,1
6,True,1
6,True,1
6,True,1
6,True,1
6,True,1
6,True,1
6,True,1
6,True,1
6,True,1
6,True,1
6,True,1
6,True,1
6,True,1
6,True,1
6,True,1
6,True,1
6,True,1
6,True,1
6,True,1
6,True,1
6,True,1
6,True,1
6,True,1
6,True,1
6,True,1
6,True,1
6,True,1
6,True,1
6,True,1
6,True,1
6,True,1
6,True,1
6,True,1
6,True,1
6,True,1
6,True,1
6,True,1
6,True,1
6,True,1
6,True,1
6,True,1
6,True,1
6,True,1
6,True,1
6,True,1
6,True,1
6,True,1
6,True,1
6,True,1
6,True,1
6,True,1
6,True,1
6,True,1
6,True,1
6,True,1
6,True,1
6,True,1
6,True,1
6,True,1
6,True,1
6,True,1
6,True,1
6,True,1
6,True,1
6,True,1
6,True,1
6,True,1
6,True,1
6,True,1
6,True,1
6,True,1
6,True,1
6,True,1
6,True,1
6,True,1
6,True,1
6,True,1
6,True,1
6,True,1
6,True,1
6,True,1
6,True,1
6,True,1
6,True,1
6,True,1
6,True,1
6,True,1
6,True,1
6,True,1
6,True,1
6,True,1
6,True,1
6,True,1
6,True,1
6,True,1
6,True,1
6,True,1
6,True,1
6,True,1
6,True,1
6,True,1
6,True,1
6,True,1
6,True,1
6,True,1
6,True,1
6,True,1
6,True,1
6,True,1
6,True,1
6,True,1
6,True,1
6,True,1
6,True,1
6,True,1
6,True,1
6,True,1
6,True,1
6,True,1
6,True,1
6,True,1
6,True,1
6,True,1
6,True,1
6,True,1
6,True,1
6,True,1
6,True,1
6,True,1
6,True,1
6,True,1
6,True,1
6,True,1
6,True,1
6,True,1
6,True,1
6,True,1
6,True,1
6,True,1
6,True,1
6,True,1
6,True,1
6,True,1
6,True,1
6,True,1
6,True,1
6,True,1
6,True,1
6,True,1
6,True,1
6,True,1
6,True,1
6,True,1
6,True,1
6,True,1
6,True,1
6,True,1
6,True,1
6,True,1
6,True,1
6,True,1
6,True,1
6,True,1
6,True,1
6,True,1
6,True,1
6,True,1
6,True,1
6,True,1
6,True,1
6,True,1
6,True,1
6,True,1
6,True,1
6,True,1
6,True,1
6,True,1
6,True,1
6,True,1
6,True,1
6,True,1
6,True,1
6,True,1
6,True,1
6,True,1
6,True,1
6,True,1
6,True,1
6,True,1
6,True,1
6,True,1
6,True,1
6,True,1
6,True,1
6,True,1
6,True,1
6,True,1
6,True,1
6,True,1
6,True,1
6,True,1
6,True,1
6,True,1
6,True,1
6,True,1
6,True,1
6,True,1
6,True,1
6,True,1
6,True,1
6,True,1
6,True,1
6,True,1
6,True,1
6,True,1
6,True,1
6,True,1
6,True,1
6,True,1
6,True,1
6,True,1
6,True,1
6,True,1
6,True,1
6,True,1
6,True,1
6,True,1
6,True,1
6,True,1
6,True,1
6,True,1
6,True,1
6,True,1
6,True,1
6,True,1
6,True,1
6,True,1
6,True,1
6,True,1
6,True,1
6,True,1
6,True,1
6,True,1
6,True,1
6,True,1
6,True,1
6,True,1
6,True,1
6,True,1
6,True,1
6,True,1
6,True,1
6,True,1
6,True,1
6,True,1
6,True,1
6,True,1
6,True,1
6,True,1
6,True,1
6,True,1
6,True,1
6,True,1
6,True,1
6,True,1
6,True,1
6,True,1
6,True,1
6,True,1
6,True,1
6,True,1
6,True,1
6,True,1
6,True,1
6,True,1
6,True,1
6,True,1
6,True,1
6,True,1
6,True,1
6,True,1
6,True,1
6,True,1
6,True,1
6,True,1
6,True,1
6,True,1
6,True,1
6,True,1
6,True,1
6,True,1
6,True,1
6,True,1
6,True,1
6,True,1
6,True,1
6,True,1
6,True,1
6,True,1
6,True,1
6,True,1
6,True,1
6,True,1
6,True,1
6,True,1
6,True,1
6,True,1
6,True,1
6,True,1
6,True,1
6,True,1
6,True,1
6,True,1
6,True,1
6,True,1
6,True,1
6,True,1
6,True,1
6,True,1
6,True,1
6,True,1
6,True,1
6,True,1
6,True,1
6,True,1
6,True,1
6,True,1
6,True,1
6,True,1
6,True,1
6,True,1
6,True,1
6,True,1
6,True,1
6,True,1
6,True,1
6,True,1
6,True,1
6,True,1
6,True,1
6,True,1
6,True,1
6,True,1
6,True,1
6,True,1
6,True,1
6,True,1
6,True,1
6,True,1
6,True,1
6,True,1
6,True,1
6,True,1
6,True,1
6,True,1
6,True,1
6,True,1
6,True,1
6,True,1
6,True,1
6,True,1
6,True,1
6,True,1
6,True,1
6,True,1
6,True,1
6,True,1
6,True,1
6,True,1
6,True,1
6,True,1
6,True,1
6,True,1
6,True,1
6,True,1
6,True,1
6,True,1
6,True,1
6,True,1
6,True,1
6,True,1
6,True,1
6,True,1
6,True,1
6,True,1
6,True,1
6,True,1
6,True,1
6,True,1
6,True,1
6,True,1
6,True,1
6,True,1
6,True,1
6,True,1
6,True,1
6,True,1
6,True,1
6,True,1
6,True,1
6,True,1
6,True,1
6,True,1
6,True,1
6,True,1
6,True,1
6,True,1
6,True,1
6,True,1
6,True,1
6,True,1
6,True,1
6,True,1
6,True,1
6,True,1
6,True,1
6,True,1
6,True,1
6,True,1
6,True,1
6,True,1
6,True,1
6,True,1
6,True,1
6,True,1
6,True,1
6,True,1
6,True,1
6,True,1
6,True,1
6,True,1
6,True,1
6,True,1
6,True,1
6,True,1
6,True,1
6,True,1
6,True,1
6,True,1
6,True,1
6,True,1
6,True,1
6,True,1
6,True,1
6,True,1
6,True,1
6,True,1
6,True,1
6,True,1
6,True,1
6,True,1
6,True,1
6,True,1
6,True,1
6,True,1
6,True,1
6,True,1
6,True,1
6,True,1
6,True,1
6,True,1
6,True,1
6,True,1
6,True,1
6,True,1
6,True,1
6,True,1
6,True,1
6,True,1
6,True,1
6,True,1
6,True,1
6,True,1
6,True,1
6,True,1
6,True,1
6,True,1
6,True,1
6,True,1
6,True,1
6,True,1
6,True,1
6,True,1
6,True,1
6,True,1
6,True,1
6,True,1
6,True,1
6,True,1
6,True,1
6,True,1
6,True,1
6,True,1
6,True,1
6,True,1
6,True,1
6,True,1
6,True,1
6,True,1
6,True,1
6,True,1
6,True,1
6,True,1
6,True,1
6,True,1
6,True,1
6,True,1
6,True,1
6,True,1
6,True,1
6,True,1
6,True,1
6,True,1
6,True,1
6,True,1
6,True,1
6,True,1
6,True,1
6,True,1
6,True,1
6,True,1
6,True,1
6,True,1
6,True,1
6,True,1
6,True,1
6,True,1
6,True,1
6,True,1
6,True,1
6,True,1
6,True,1
6,True,1
6,True,1
6,True,1
6,True,1
6,True,1
6,True,1
6,True,1
6,True,1
6,True,1
6,True,1
6,True,1
6,True,1
6,True,1
6,True,1
6,True,1
6,True,1
6,True,1
6,True,1
6,True,1
6,True,1
6,True,1
6,True,1
6,True,1
6,True,1
6,True,1
6,True,1
6,True,1
6,True,1
6,True,1
6,True,1
6,True,1
6,True,1
6,True,1
6,True,1
6,True,1
6,True,1
6,True,1
6,True,1
6,True,1
6,True,1
6,True,1
6,True,1
6,True,1
6,True,1
6,True,1
6,True,1
6,True,1
6,True,1
6,True,1
6,True,1
6,True,1
6,True,1
6,True,1
6,True,1
6,True,1
6,True,1
6,True,1
6,True,1
6,True,1
6,True,1
6,True,1
6,True,1
6,True,1
6,True,1
6,True,1
6,True,1
6,True,1
6,True,1
6,True,1
6,True,1
6,True,1
6,True,1
6,True,1
6,True,1
6,True,1
6,True,1
6,True,1
6,True,1
6,True,1
6,True,1
6,True,1
6,True,1
6,True,1
6,True,1
6,True,1
6,True,1
6,True,1
6,True,1
6,True,1
6,True,1
6,True,1
6,True,1
6,True,1
6,True,1
6,True,1
6,True,1
6,True,1
6,True,1
6,True,1
6,True,1
6,True,1
6,True,1
6,True,1
6,True,1
6,True,1
6,True,1
6,True,1
6,True,1
6,True,1
6,True,1
6,True,1
6,True,1
6,True,1
6,True,1
6,True,1
6,True,1
6,True,1
6,True,1
6,True,1
6,True,1
6,True,1
6,True,1
6,True,1
6,True,1
6,True,1
6,True,1
6,True,1
6,True,1
6,True,1
6,True,1
6,True,1
6,True,1
6,True,1
6,True,1
6,True,1
6,True,1
6,True,1
6,True,1
6,True,1
6,True,1
6,True,1
6,True,1
6,True,1
6,True,1
6,True,1
6,True,1
6,True,1
6,True,1
6,True,1
6,True,1
6,True,1
6,True,1
6,True,1
6,True,1
6,True,1
6,True,1
6,True,1
6,True,1
6,True,1
6,True,1
6,True,1
6,True,1
6,True,1
6,True,1
6,True,1
6,True,1
6,True,1
6,True,1
6,True,1
6,True,1
6,True,1
6,True,1
6,True,1
6,True,1
6,True,1
6,True,1
6,True,1
6,True,1
6,True,1
6,True,1
6,True,1
6,True,1
6,True,1
6,True,1
6,True,1
6,True,1
6,True,1
6,True,1
6,True,1
6,True,1
6,True,1
6,True,1
6,True,1
6,True,1
6,True,1
6,True,1
6,True,1
6,True,1
6,True,1
6,True,1
6,True,1
6,True,1
6,True,1
6,True,1
6,True,1
6,True,1
6,True,1
6,True,1
6,True,1
6,True,1
6,True,1
6,True,1
6,True,1
6,True,1
6,True,1
6,True,1
6,True,1
6,True,1
6,True,1
6,True,1
6,True,1
6,True,1
6,True,1
6,True,1
6,True,1
6,True,1
6,True,1
6,True,1
6,True,1
6,True,1
6,True,1
6,True,1
6,True,1
6,True,1
6,True,1
6,True,1
6,True,1
6,True,1
6,True,1
6,True,1
6,True,1
6,True,1
6,True,1
6,True,1
6,True,1
6,True,1
6,True,1
6,True,1
6,True,1
6,True,1
6,True,1
6,True,1
6,True,1
6,True,1
6,True,1
6,True,1
6,True,1
6,True,1
6,True,1
6,True,1
6,True,1
6,True,1
6,True,1
6,True,1
6,True,1
6,True,1
6,True,1
6,True,1
6,True,1
6,True,1
6,True,1
6,True,1
6,True,1
6,True,1
6,True,1
6,True,1
6,True,1
6,True,1
6,True,1
6,True,1
6,True,1
6,True,1
6,True,1
6,True,1
6,True,1
6,True,1
6,True,1
6,True,1
6,True,1
6,True,1
6,True,1
6,True,1
6,True,1
6,True,1
6,True,1
6,True,1
6,True,1
6,True,1
6,True,1
6,True,1
6,True,1
6,True,1
6,True,1
6,True,1
6,True,1
6,True,1
6,True,1
6,True,1
6,True,1
6,True,1
6,True,1
6,True,1
6,True,1
6,True,1
6,True,1
6,True,1
6,True,1
6,True,1
6,True,1
6,True,1
6,True,1
6,True,1
6,True,1
6,True,1
6,True,1
6,True,1
6,True,1
6,True,1
6,True,1
6,True,1
6,True,1
6,True,1
6,True,1
6,True,1
6,True,1
6,True,1
6,True,1
6,True,1
6,True,1
6,True,1
6,True,1
6,True,1
6,True,1
6,True,1
6,True,1
6,True,1
6,True,1
6,True,1
6,True,1
6,True,1
6,True,1
6,True,1
6,True,1
6,True,1
6,True,1
6,True,1
6,True,1
6,True,1
6,True,1
6,True,1
6,True,1
6,True,1
6,True,1
6,True,1
6,True,1
6,True,1
6,True,1
6,True,1
6,True,1
6,True,1
6,True,1
6,True,1
6,True,1
6,True,1
6,True,1
6,True,1
6,True,1
6,True,1
6,True,1
6,True,1
6,True,1
6,True,1
6,True,1
6,True,1
6,True,1
6,True,1
6,True,1
6,True,1
6,True,1
6,True,1
6,True,1
6,True,1
6,True,1
6,True,1
6,True,1
6,True,1
6,True,1
6,True,1
6,True,1
6,True,1
6,True,1
6,True,1
6,True,1
6,True,1
6,True,1
6,True,1
6,True,1
6,True,1
6,True,1
6,True,1
6,True,1
6,True,1
6,True,1
6,True,1
6,True,1
6,True,1
6,True,1
6,True,1
6,True,1
6,True,1
6,True,1
6,True,1
6,True,1
6,True,1
6,True,1
6,True,1
6,True,1
6,True,1
6,True,1
5,True,2
6,True,2
5,True,2
5,True,2
6,True,2
5,True,2
6,True,2
6,True,2
6,True,2
5,True,2
6,True,2
6,True,2
6,True,2
5,True,2
6,True,2
5,True,2
6,True,2
5,True,2
6,True,2
5,True,2
6,True,2
6,True,2
5,True,2
6,True,2
6,True,2
6,True,2
5,True,2
5,True,2
5,True,2
6,True,2
6,True,2
5,True,2
6,True,2
5,True,2
5,True,2
6,True,2
6,True,2
5,True,2
5,True,2
5,True,2
5,True,2
5,True,2
5,True,2
5,True,2
6,True,2
5,True,2
5,True,2
5,True,2
5,True,2
5,True,2
5,True,2
6,True,2
5,True,2
5,True,2
6,True,2
6,True,2
6,True,2
6,True,2
5,True,2
6,True,2
5,True,2
5,True,2
5,True,2
5,True,2
5,True,2
6,True,2
6,True,2
6,True,2
5,True,2
5,True,2
5,True,2
5,True,2
6,True,2
6,True,2
5,True,2
5,True,2
6,True,2
5,True,2
5,True,2
6,True,2
6,True,2
5,True,2
5,True,2
6,True,2
6,True,2
5,True,2
5,True,2
5,True,2
6,True,2
5,True,2
6,True,2
6,True,2
5,True,2
6,True,2
6,True,2
5,True,2
6,True,2
5,True,2
6,True,2
5,True,2
5,True,2
5,True,2
5,True,2
5,True,2
5,True,2
5,True,2
6,True,2
5,True,2
6,True,2
5,True,2
5,True,2
5,True,2
5,True,2
5,True,2
5,True,2
5,True,2
5,True,2
5,True,2
6,True,2
5,True,2
5,True,2
6,True,2
5,True,2
5,True,2
6,True,2
6,True,2
5,True,2
5,True,2
6,True,2
6,True,2
6,True,2
6,True,2
6,True,2
5,True,2
5,True,2
5,True,2
5,True,2
5,True,2
5,True,2
5,True,2
6,True,2
6,True,2
6,True,2
5,True,2
5,True,2
6,True,2
5,True,2
6,True,2
5,True,2
5,True,2
5,True,2
5,True,2
5,True,2
5,True,2
6,True,2
5,True,2
6,True,2
5,True,2
5,True,2
5,True,2
5,True,2
6,True,2
6,True,2
5,True,2
5,True,2
5,True,2
5,True,2
5,True,2
5,True,2
5,True,2
5,True,2
5,True,2
6,True,2
6,True,2
5,True,2
5,True,2
6,True,2
5,True,2
6,True,2
5,True,2
5,True,2
5,True,2
6,True,2
5,True,2
5,True,2
5,True,2
6,True,2
6,True,2
5,True,2
6,True,2
5,True,2
6,True,2
5,True,2
5,True,2
5,True,2
6,True,2
6,True,2
5,True,2
5,True,2
6,True,2
6,True,2
5,True,2
5,True,2
6,True,2
6,True,2
5,True,2
5,True,2
6,True,2
5,True,2
6,True,2
5,True,2
6,True,2
5,True,2
6,True,2
5,True,2
6,True,2
5,True,2
6,True,2
6,True,2
5,True,2
6,True,2
5,True,2
5,True,2
5,True,2
6,True,2
6,True,2
5,True,2
5,True,2
6,True,2
5,True,2
6,True,2
6,True,2
6,True,2
5,True,2
6,True,2
6,True,2
5,True,2
6,True,2
6,True,2
6,True,2
5,True,2
5,True,2
6,True,2
5,True,2
5,True,2
5,True,2
6,True,2
5,True,2
6,True,2
6,True,2
5,True,2
5,True,2
5,True,2
5,True,2
5,True,2
6,True,2
5,True,2
6,True,2
5,True,2
6,True,2
6,True,2
6,True,2
5,True,2
5,True,2
5,True,2
5,True,2
5,True,2
6,True,2
5,True,2
6,True,2
5,True,2
5,True,2
5,True,2
6,True,2
6,True,2
6,True,2
5,True,2
5,True,2
6,True,2
5,True,2
6,True,2
5,True,2
6,True,2
5,True,2
5,True,2
5,True,2
5,True,2
5,True,2
6,True,2
5,True,2
5,True,2
5,True,2
5,True,2
6,True,2
5,True,2
6,True,2
5,True,2
5,True,2
6,True,2
6,True,2
5,True,2
6,True,2
5,True,2
6,True,2
5,True,2
6,True,2
5,True,2
5,True,2
5,True,2
5,True,2
6,True,2
6,True,2
5,True,2
5,True,2
6,True,2
6,True,2
5,True,2
5,True,2
6,True,2
5,True,2
6,True,2
5,True,2
5,True,2
5,True,2
6,True,2
5,True,2
5,True,2
5,True,2
5,True,2
6,True,2
6,True,2
5,True,2
6,True,2
5,True,2
5,True,2
5,True,2
6,True,2
6,True,2
6,True,2
5,True,2
6,True,2
5,True,2
5,True,2
6,True,2
6,True,2
5,True,2
5,True,2
6,True,2
5,True,2
5,True,2
5,True,2
5,True,2
6,True,2
5,True,2
5,True,2
6,True,2
5,True,2
5,True,2
6,True,2
5,True,2
5,True,2
5,True,2
5,True,2
5,True,2
5,True,2
6,True,2
5,True,2
6,True,2
6,True,2
6,True,2
5,True,2
6,True,2
6,True,2
6,True,2
6,True,2
5,True,2
6,True,2
6,True,2
6,True,2
5,True,2
5,True,2
6,True,2
6,True,2
5,True,2
5,True,2
6,True,2
5,True,2
5,True,2
5,True,2
5,True,2
6,True,2
5,True,2
6,True,2
6,True,2
6,True,2
6,True,2
5,True,2
5,True,2
6,True,2
6,True,2
6,True,2
6,True,2
5,True,2
5,True,2
5,True,2
5,True,2
5,True,2
5,True,2
5,True,2
5,True,2
5,True,2
5,True,2
5,True,2
5,True,2
6,True,2
5,True,2
5,True,2
5,True,2
5,True,2
5,True,2
5,True,2
6,True,2
5,True,2
5,True,2
6,True,2
5,True,2
5,True,2
5,True,2
5,True,2
5,True,2
6,True,2
6,True,2
6,True,2
5,True,2
6,True,2
5,True,2
6,True,2
5,True,2
5,True,2
5,True,2
5,True,2
5,True,2
6,True,2
5,True,2
6,True,2
5,True,2
6,True,2
5,True,2
5,True,2
5,True,2
5,True,2
6,True,2
5,True,2
5,True,2
5,True,2
5,True,2
5,True,2
6,True,2
6,True,2
6,True,2
5,True,2
6,True,2
6,True,2
5,True,2
5,True,2
5,True,2
6,True,2
6,True,2
6,True,2
6,True,2
5,True,2
5,True,2
5,True,2
6,True,2
5,True,2
5,True,2
5,True,2
5,True,2
6,True,2
5,True,2
5,True,2
5,True,2
6,True,2
5,True,2
5,True,2
5,True,2
5,True,2
6,True,2
5,True,2
5,True,2
5,True,2
5,True,2
5,True,2
6,True,2
6,True,2
5,True,2
5,True,2
5,True,2
5,True,2
6,True,2
5,True,2
5,True,2
5,True,2
5,True,2
5,True,2
5,True,2
5,True,2
6,True,2
6,True,2
5,True,2
5,True,2
5,True,2
5,True,2
6,True,2
5,True,2
6,True,2
5,True,2
5,True,2
5,True,2
5,True,2
5,True,2
5,True,2
5,True,2
5,True,2
6,True,2
5,True,2
6,True,2
6,True,2
5,True,2
5,True,2
5,True,2
5,True,2
6,True,2
5,True,2
5,True,2
5,True,2
5,True,2
5,True,2
5,True,2
5,True,2
6,True,2
6,True,2
5,True,2
5,True,2
5,True,2
6,True,2
6,True,2
5,True,2
6,True,2
6,True,2
5,True,2
5,True,2
5,True,2
5,True,2
5,True,2
5,True,2
5,True,2
5,True,2
6,True,2
6,True,2
6,True,2
5,True,2
6,True,2
6,True,2
6,True,2
5,True,2
5,True,2
5,True,2
5,True,2
6,True,2
5,True,2
6,True,2
5,True,2
5,True,2
5,True,2
5,True,2
6,True,2
6,True,2
5,True,2
5,True,2
5,True,2
6,True,2
5,True,2
5,True,2
5,True,2
6,True,2
5,True,2
5,True,2
5,True,2
5,True,2
5,True,2
5,True,2
5,True,2
6,True,2
6,True,2
5,True,2
5,True,2
5,True,2
5,True,2
6,True,2
5,True,2
5,True,2
6,True,2
5,True,2
6,True,2
6,True,2
6,True,2
6,True,2
6,True,2
6,True,2
5,True,2
6,True,2
5,True,2
5,True,2
6,True,2
5,True,2
6,True,2
5,True,2
5,True,2
5,True,2
5,True,2
5,True,2
6,True,2
5,True,2
5,True,2
5,True,2
6,True,2
5,True,2
5,True,2
5,True,2
5,True,2
5,True,2
6,True,2
6,True,2
5,True,2
5,True,2
6,True,2
6,True,2
5,True,2
5,True,2
6,True,2
5,True,2
5,True,2
5,True,2
5,True,2
6,True,2
5,True,2
5,True,2
5,True,2
5,True,2
5,True,2
5,True,2
6,True,2
5,True,2
5,True,2
6,True,2
5,True,2
5,True,2
5,True,2
5,True,2
6,True,2
5,True,2
5,True,2
5,True,2
5,True,2
5,True,2
5,True,2
6,True,2
5,True,2
6,True,2
5,True,2
6,True,2
5,True,2
6,True,2
5,True,2
5,True,2
5,True,2
6,True,2
6,True,2
5,True,2
5,True,2
5,True,2
5,True,2
5,True,2
6,True,2
6,True,2
5,True,2
6,True,2
5,True,2
6,True,2
5,True,2
5,True,2
6,True,2
5,True,2
5,True,2
5,True,2
6,True,2
5,True,2
5,True,2
5,True,2
5,True,2
6,True,2
5,True,2
5,True,2
5,True,2
6,True,2
6,True,2
6,True,2
5,True,2
5,True,2
5,True,2
5,True,2
5,True,2
6,True,2
6,True,2
5,True,2
5,True,2
5,True,2
6,True,2
6,True,2
6,True,2
6,True,2
5,True,2
6,True,2
5,True,2
5,True,2
6,True,2
5,True,2
5,True,2
5,True,2
5,True,2
5,True,2
5,True,2
6,True,2
5,True,2
5,True,2
5,True,2
5,True,2
5,True,2
6,True,2
5,True,2
5,True,2
6,True,2
6,True,2
6,True,2
6,True,2
6,True,2
6,True,2
5,True,2
6,True,2
5,True,2
5,True,2
5,True,2
5,True,2
6,True,2
5,True,2
5,True,2
5,True,2
5,True,2
5,True,2
5,True,2
5,True,2
6,True,2
5,True,2
6,True,2
5,True,2
5,True,2
5,True,2
5,True,2
6,True,2
6,True,2
6,True,2
5,True,2
6,True,2
5,True,2
5,True,2
5,True,2
6,True,2
6,True,2
5,True,2
5,True,2
6,True,2
6,True,2
5,True,2
5,True,2
6,True,2
6,True,2
5,True,2
5,True,2
6,True,2
6,True,2
5,True,2
6,True,2
5,True,2
5,True,2
6,True,2
5,True,2
5,True,2
5,True,2
5,True,2
5,True,2
6,True,2
6,True,2
5,True,2
5,True,2
6,True,2
6,True,2
6,True,2
5,True,2
5,True,2
6,True,2
5,True,2
5,True,2
6,True,2
6,True,2
5,True,2
5,True,2
5,True,2
5,True,2
5,True,2
5,True,2
5,True,2
6,True,2
6,True,2
5,True,2
5,True,2
5,True,2
6,True,2
5,True,2
6,True,2
5,True,2
6,True,2
5,True,2
6,True,2
5,True,2
6,True,2
5,True,2
5,True,2
6,True,2
6,True,2
5,True,2
6,True,2
5,True,2
5,True,2
5,True,2
5,True,2
6,True,2
5,True,2
6,True,2
6,True,2
5,True,2
5,True,2
5,True,2
6,True,2
6,True,2
5,True,2
5,True,2
5,True,2
5,True,2
6,True,2
5,True,2
5,True,2
5,True,2
6,True,2
6,True,2
6,True,2
6,True,2
6,True,2
5,True,2
6,True,2
5,True,2
6,True,2
6,True,2
6,True,2
6,True,2
6,True,2
5,True,2
5,True,2
6,True,2
6,True,2
5,True,2
6,True,2
5,True,2
5,True,2
6,True,2
5,True,2
6,True,2
6,True,2
6,True,2
6,True,2
5,True,2
5,True,2
6,True,2
5,True,2
5,True,2
5,True,2
6,True,2
5,True,2
5,True,2
5,True,2
5,True,2
5,True,2
6,True,2
5,True,2
5,True,2
5,True,2
6,True,2
6,True,2
5,True,2
6,True,2
5,True,2
6,True,2
5,True,2
6,True,2
5,True,2
6,True,2
6,True,2
5,True,2
6,True,2
5,True,2
5,True,2
6,True,2
6,True,2
6,True,2
5,True,2
6,True,2
6,True,2
6,True,2
5,True,2
5,True,2
6,True,2
5,True,2
5,True,2
6,True,2
5,True,2
5,True,2
5,True,2
5,True,2
6,True,2
6,True,2
5,True,2
5,True,2
5,True,2
5,True,2
6,True,2
5,True,2
5,True,2
6,True,2
5,True,2
6,True,2
5,True,2
5,True,2
5,True,2
5,True,2
5,True,2
5,True,2
5,True,2
5,True,2
6,True,2
5,True,2
6,True,2
6,True,2
5,True,2
5,True,2
6,True,2
5,True,2
6,True,2
5,True,2
5,True,2
6,True,2
5,True,2
6,True,2
5,True,2
5,True,2
5,True,2
5,True,2
5,True,2
6,True,2
6,True,2
6,True,2
5,True,2
6,True,2
5,True,2
6,True,2
5,True,2
6,True,2
5,True,2
5,True,2
6,True,2
6,True,2
5,True,2
5,True,2
6,True,2
5,True,2
5,True,2
5,True,2
6,True,2
5,True,2
5,True,2
5,True,2
3,True,3
4,True,3
3,True,3
3,True,3
3,True,3
5,True,3
3,True,3
4,True,3
4,True,3
5,True,3
4,True,3
5,True,3
5,True,3
3,True,3
5,True,3
5,True,3
5,True,3
5,True,3
3,True,3
3,True,3
5,True,3
3,True,3
5,True,3
3,True,3
5,True,3
3,True,3
5,True,3
4,True,3
3,True,3
5,True,3
5,True,3
5,True,3
4,True,3
4,True,3
5,True,3
4,True,3
4,True,3
4,True,3
5,True,3
3,True,3
4,True,3
5,True,3
5,True,3
5,True,3
3,True,3
4,True,3
5,True,3
4,True,3
3,True,3
5,True,3
4,True,3
4,True,3
5,True,3
5,True,3
4,True,3
3,True,3
4,True,3
4,True,3
5,True,3
5,True,3
5,True,3
5,True,3
5,True,3
4,True,3
4,True,3
5,True,3
4,True,3
3,True,3
4,True,3
4,True,3
4,True,3
5,True,3
4,True,3
4,True,3
3,True,3
5,True,3
5,True,3
4,True,3
4,True,3
5,True,3
4,True,3
3,True,3
5,True,3
4,True,3
5,True,3
3,True,3
4,True,3
4,True,3
3,True,3
5,True,3
5,True,3
4,True,3
5,True,3
4,True,3
5,True,3
4,True,3
5,True,3
3,True,3
5,True,3
4,True,3
3,True,3
5,True,3
5,True,3
5,True,3
3,True,3
3,True,3
4,True,3
4,True,3
5,True,3
4,True,3
5,True,3
4,True,3
5,True,3
5,True,3
4,True,3
3,True,3
4,True,3
5,True,3
4,True,3
4,True,3
4,True,3
5,True,3
5,True,3
4,True,3
5,True,3
4,True,3
5,True,3
5,True,3
4,True,3
4,True,3
3,True,3
5,True,3
4,True,3
3,True,3
4,True,3
3,True,3
5,True,3
3,True,3
5,True,3
4,True,3
4,True,3
3,True,3
4,True,3
3,True,3
5,True,3
4,True,3
4,True,3
5,True,3
4,True,3
4,True,3
5,True,3
5,True,3
4,True,3
5,True,3
4,True,3
5,True,3
4,True,3
5,True,3
4,True,3
5,True,3
4,True,3
4,True,3
5,True,3
4,True,3
3,True,3
5,True,3
4,True,3
3,True,3
5,True,3
4,True,3
4,True,3
4,True,3
3,True,3
4,True,3
5,True,3
5,True,3
5,True,3
4,True,3
4,True,3
4,True,3
4,True,3
5,True,3
3,True,3
4,True,3
4,True,3
4,True,3
5,True,3
3,True,3
4,True,3
4,True,3
5,True,3
5,True,3
4,True,3
3,True,3
4,True,3
5,True,3
5,True,3
5,True,3
4,True,3
4,True,3
4,True,3
3,True,3
3,True,3
5,True,3
5,True,3
4,True,3
4,True,3
5,True,3
3,True,3
5,True,3
5,True,3
4,True,3
3,True,3
5,True,3
4,True,3
5,True,3
3,True,3
5,True,3
5,True,3
4,True,3
3,True,3
3,True,3
4,True,3
5,True,3
5,True,3
5,True,3
5,True,3
5,True,3
5,True,3
4,True,3
4,True,3
4,True,3
4,True,3
5,True,3
5,True,3
3,True,3
5,True,3
3,True,3
4,True,3
3,True,3
5,True,3
3,True,3
4,True,3
5,True,3
5,True,3
4,True,3
3,True,3
4,True,3
5,True,3
5,True,3
4,True,3
5,True,3
4,True,3
4,True,3
4,True,3
4,True,3
5,True,3
5,True,3
4,True,3
5,True,3
5,True,3
5,True,3
5,True,3
5,True,3
5,True,3
5,True,3
5,True,3
4,True,3
5,True,3
5,True,3
5,True,3
4,True,3
5,True,3
5,True,3
4,True,3
3,True,3
3,True,3
3,True,3
3,True,3
5,True,3
4,True,3
5,True,3
5,True,3
5,True,3
4,True,3
3,True,3
4,True,3
4,True,3
4,True,3
3,True,3
4,True,3
5,True,3
5,True,3
3,True,3
4,True,3
4,True,3
3,True,3
5,True,3
5,True,3
4,True,3
3,True,3
4,True,3
3,True,3
4,True,3
4,True,3
4,True,3
5,True,3
5,True,3
3,True,3
4,True,3
5,True,3
3,True,3
4,True,3
3,True,3
5,True,3
4,True,3
4,True,3
3,True,3
3,True,3
5,True,3
5,True,3
4,True,3
3,True,3
4,True,3
4,True,3
4,True,3
5,True,3
4,True,3
3,True,3
4,True,3
4,True,3
5,True,3
3,True,3
3,True,3
5,True,3
4,True,3
5,True,3
4,True,3
5,True,3
4,True,3
5,True,3
4,True,3
4,True,3
4,True,3
4,True,3
4,True,3
3,True,3
4,True,3
3,True,3
4,True,3
5,True,3
3,True,3
4,True,3
4,True,3
5,True,3
4,True,3
3,True,3
4,True,3
4,True,3
3,True,3
5,True,3
4,True,3
5,True,3
3,True,3
5,True,3
4,True,3
4,True,3
4,True,3
5,True,3
4,True,3
4,True,3
3,True,3
5,True,3
4,True,3
4,True,3
5,True,3
3,True,3
4,True,3
4,True,3
4,True,3
3,True,3
5,True,3
5,True,3
4,True,3
5,True,3
3,True,3
4,True,3
4,True,3
5,True,3
4,True,3
3,True,3
4,True,3
4,True,3
5,True,3
4,True,3
3,True,3
4,True,3
3,True,3
4,True,3
5,True,3
3,True,3
5,True,3
5,True,3
4,True,3
4,True,3
3,True,3
5,True,3
4,True,3
5,True,3
3,True,3
5,True,3
5,True,3
5,True,3
4,True,3
3,True,3
4,True,3
4,True,3
5,True,3
4,True,3
4,True,3
5,True,3
4,True,3
5,True,3
3,True,3
5,True,3
3,True,3
4,True,3
5,True,3
4,True,3
4,True,3
4,True,3
3,True,3
4,True,3
4,True,3
3,True,3
5,True,3
4,True,3
4,True,3
4,True,3
4,True,3
4,True,3
4,True,3
4,True,3
4,True,3
5,True,3
3,True,3
5,True,3
4,True,3
3,True,3
4,True,3
5,True,3
4,True,3
5,True,3
4,True,3
4,True,3
4,True,3
3,True,3
3,True,3
4,True,3
4,True,3
3,True,3
5,True,3
5,True,3
3,True,3
4,True,3
5,True,3
5,True,3
4,True,3
4,True,3
3,True,3
4,True,3
5,True,3
3,True,3
4,True,3
5,True,3
5,True,3
4,True,3
4,True,3
5,True,3
4,True,3
4,True,3
3,True,3
5,True,3
5,True,3
5,True,3
5,True,3
5,True,3
4,True,3
4,True,3
4,True,3
5,True,3
5,True,3
4,True,3
4,True,3
3,True,3
5,True,3
4,True,3
3,True,3
4,True,3
4,True,3
5,True,3
5,True,3
3,True,3
5,True,3
3,True,3
4,True,3
4,True,3
4,True,3
4,True,3
5,True,3
5,True,3
4,True,3
4,True,3
5,True,3
4,True,3
4,True,3
4,True,3
5,True,3
3,True,3
5,True,3
4,True,3
4,True,3
4,True,3
3,True,3
4,True,3
5,True,3
4,True,3
5,True,3
5,True,3
3,True,3
4,True,3
5,True,3
5,True,3
4,True,3
4,True,3
5,True,3
5,True,3
4,True,3
4,True,3
4,True,3
3,True,3
4,True,3
5,True,3
4,True,3
5,True,3
3,True,3
4,True,3
4,True,3
4,True,3
4,True,3
3,True,3
5,True,3
4,True,3
5,True,3
5,True,3
4,True,3
5,True,3
4,True,3
4,True,3
5,True,3
5,True,3
4,True,3
4,True,3
3,True,3
4,True,3
3,True,3
5,True,3
5,True,3
3,True,3
5,True,3
4,True,3
4,True,3
4,True,3
5,True,3
3,True,3
5,True,3
4,True,3
4,True,3
4,True,3
4,True,3
3,True,3
5,True,3
4,True,3
5,True,3
4,True,3
5,True,3
4,True,3
4,True,3
5,True,3
3,True,3
5,True,3
4,True,3
5,True,3
4,True,3
4,True,3
3,True,3
4,True,3
4,True,3
5,True,3
5,True,3
4,True,3
5,True,3
4,True,3
4,True,3
3,True,3
4,True,3
4,True,3
4,True,3
5,True,3
5,True,3
4,True,3
4,True,3
5,True,3
3,True,3
4,True,3
3,True,3
5,True,3
4,True,3
5,True,3
5,True,3
3,True,3
5,True,3
3,True,3
3,True,3
3,True,3
5,True,3
4,True,3
5,True,3
5,True,3
5,True,3
4,True,3
5,True,3
4,True,3
4,True,3
3,True,3
5,True,3
5,True,3
4,True,3
4,True,3
5,True,3
3,True,3
4,True,3
4,True,3
5,True,3
5,True,3
4,True,3
5,True,3
3,True,3
4,True,3
4,True,3
5,True,3
5,True,3
5,True,3
5,True,3
5,True,3
4,True,3
4,True,3
5,True,3
4,True,3
5,True,3
4,True,3
5,True,3
5,True,3
3,True,3
4,True,3
3,True,3
4,True,3
3,True,3
4,True,3
5,True,3
3,True,3
4,True,3
5,True,3
5,True,3
4,True,3
3,True,3
5,True,3
5,True,3
4,True,3
4,True,3
5,True,3
5,True,3
4,True,3
3,True,3
5,True,3
4,True,3
5,True,3
5,True,3
4,True,3
4,True,3
5,True,3
3,True,3
3,True,3
3,True,3
3,True,3
4,True,3
3,True,3
5,True,3
4,True,3
4,True,3
5,True,3
3,True,3
5,True,3
3,True,3
4,True,3
5,True,3
4,True,3
4,True,3
4,True,3
4,True,3
4,True,3
3,True,3
5,True,3
4,True,3
4,True,3
5,True,3
5,True,3
5,True,3
5,True,3
4,True,3
5,True,3
5,True,3
4,True,3
5,True,3
5,True,3
3,True,3
3,True,3
3,True,3
4,True,3
4,True,3
3,True,3
4,True,3
4,True,3
5,True,3
5,True,3
5,True,3
5,True,3
5,True,3
5,True,3
5,True,3
5,True,3
3,True,3
4,True,3
5,True,3
3,True,3
5,True,3
4,True,3
3,True,3
4,True,3
3,True,3
4,True,3
5,True,3
5,True,3
5,True,3
3,True,3
4,True,3
5,True,3
3,True,3
4,True,3
5,True,3
3,True,3
4,True,3
5,True,3
5,True,3
4,True,3
4,True,3
5,True,3
5,True,3
5,True,3
3,True,3
3,True,3
3,True,3
5,True,3
3,True,3
3,True,3
4,True,3
4,True,3
4,True,3
4,True,3
5,True,3
4,True,3
3,True,3
3,True,3
4,True,3
4,True,3
5,True,3
4,True,3
5,True,3
4,True,3
4,True,3
5,True,3
4,True,3
4,True,3
5,True,3
4,True,3
4,True,3
3,True,3
4,True,3
5,True,3
5,True,3
4,True,3
4,True,3
4,True,3
4,True,3
4,True,3
4,True,3
3,True,3
3,True,3
4,True,3
4,True,3
4,True,3
5,True,3
5,True,3
3,True,3
4,True,3
5,True,3
4,True,3
3,True,3
3,True,3
5,True,3
3,True,3
4,True,3
4,True,3
4,True,3
5,True,3
4,True,3
5,True,3
5,True,3
5,True,3
3,True,3
5,True,3
3,True,3
4,True,3
3,True,3
4,True,3
5,True,3
4,True,3
5,True,3
4,True,3
4,True,3
4,True,3
4,True,3
4,True,3
5,True,3
3,True,3
4,True,3
4,True,3
4,True,3
4,True,3
3,True,3
5,True,3
4,True,3
4,True,3
5,True,3
5,True,3
3,True,3
5,True,3
4,True,3
4,True,3
5,True,3
5,True,3
4,True,3
5,True,3
3,True,3
5,True,3
4,True,3
5,True,3
5,True,3
4,True,3
4,True,3
4,True,3
5,True,3
4,True,3
4,True,3
5,True,3
5,True,3
5,True,3
5,True,3
5,True,3
5,True,3
4,True,3
4,True,3
5,True,3
5,True,3
4,True,3
4,True,3
4,True,3
3,True,3
4,True,3
5,True,3
5,True,3
5,True,3
5,True,3
3,True,3
3,True,3
4,True,3
3,True,3
5,True,3
3,True,3
5,True,3
4,True,3
5,True,3
3,True,3
5,True,3
4,True,3
3,True,3
4,True,3
4,True,3
4,True,3
4,True,3
5,True,3
3,True,3
5,True,3
5,True,3
5,True,3
4,True,3
4,True,3
5,True,3
5,True,3
5,True,3
4,True,3
3,True,3
4,True,3
5,True,3
3,True,3
5,True,3
4,True,3
5,True,3
5,True,3
5,True,3
5,True,3
5,True,3
4,True,3
5,True,3
4,True,3
5,True,3
3,True,3
5,True,3
3,True,3
3,True,3
4,True,3
4,True,3
3,True,3
3,True,3
5,True,3
5,True,3
4,True,3
3,True,3
5,True,3
5,True,3
5,True,3
5,True,3
4,True,3
5,True,3
4,True,3
4,True,3
4,True,3
3,True,3
4,True,3
5,True,3
4,True,3
3,True,3
5,True,3
4,True,3
5,True,3
3,True,3
4,True,3
5,True,3
4,True,3
3,True,3
5,True,3
3,True,3
5,True,3
4,True,3
4,True,3
5,True,3
5,True,3
4,True,3
5,True,3
3,True,3
5,True,3
3,True,3
4,True,3
5,True,3
5,True,3
3,True,3
4,True,3
4,True,3
5,True,3
4,True,3
4,True,3
5,True,3
4,True,3
4,True,3
5,True,3
4,True,3
5,True,3
3,True,3
3,True,3
5,True,3
2,True,4
2,True,4
2,True,4
4,True,4
2,True,4
2,True,4
2,True,4
2,True,4
2,True,4
4,True,4
4,True,4
2,True,4
4,True,4
2,True,4
2,True,4
2,True,4
2,True,4
2,True,4
2,True,4
4,True,4
2,True,4
2,True,4
2,True,4
2,True,4
2,True,4
2,True,4
4,True,4
4,True,4
2,True,4
4,True,4
2,True,4
2,True,4
2,True,4
2,True,4
4,True,4
2,True,4
4,True,4
2,True,4
2,True,4
4,True,4
4,True,4
4,True,4
4,True,4
4,True,4
2,True,4
2,True,4
2,True,4
2,True,4
2,True,4
2,True,4
2,True,4
2,True,4
2,True,4
4,True,4
4,True,4
2,True,4
2,True,4
2,True,4
2,True,4
2,True,4
4,True,4
4,True,4
4,True,4
2,True,4
2,True,4
2,True,4
2,True,4
4,True,4
4,True,4
2,True,4
2,True,4
2,True,4
2,True,4
2,True,4
2,True,4
4,True,4
2,True,4
2,True,4
2,True,4
4,True,4
2,True,4
2,True,4
2,True,4
2,True,4
4,True,4
2,True,4
2,True,4
2,True,4
2,True,4
2,True,4
2,True,4
2,True,4
2,True,4
2,True,4
2,True,4
2,True,4
2,True,4
2,True,4
2,True,4
2,True,4
2,True,4
2,True,4
2,True,4
4,True,4
2,True,4
2,True,4
2,True,4
2,True,4
2,True,4
2,True,4
2,True,4
2,True,4
2,True,4
2,True,4
2,True,4
2,True,4
2,True,4
4,True,4
2,True,4
4,True,4
2,True,4
4,True,4
2,True,4
4,True,4
2,True,4
4,True,4
2,True,4
2,True,4
2,True,4
4,True,4
2,True,4
2,True,4
2,True,4
4,True,4
2,True,4
2,True,4
2,True,4
2,True,4
2,True,4
4,True,4
2,True,4
2,True,4
4,True,4
2,True,4
4,True,4
2,True,4
2,True,4
2,True,4
2,True,4
4,True,4
2,True,4
2,True,4
2,True,4
2,True,4
2,True,4
2,True,4
2,True,4
4,True,4
2,True,4
2,True,4
2,True,4
2,True,4
2,True,4
4,True,4
2,True,4
2,True,4
2,True,4
4,True,4
2,True,4
4,True,4
2,True,4
2,True,4
2,True,4
2,True,4
2,True,4
2,True,4
2,True,4
2,True,4
2,True,4
2,True,4
2,True,4
4,True,4
2,True,4
2,True,4
4,True,4
2,True,4
2,True,4
4,True,4
2,True,4
2,True,4
2,True,4
2,True,4
2,True,4
4,True,4
2,True,4
2,True,4
2,True,4
2,True,4
2,True,4
4,True,4
4,True,4
2,True,4
4,True,4
4,True,4
2,True,4
4,True,4
2,True,4
4,True,4
4,True,4
4,True,4
4,True,4
2,True,4
2,True,4
2,True,4
2,True,4
2,True,4
2,True,4
2,True,4
2,True,4
2,True,4
2,True,4
4,True,4
4,True,4
4,True,4
2,True,4
2,True,4
2,True,4
2,True,4
2,True,4
2,True,4
2,True,4
2,True,4
2,True,4
4,True,4
2,True,4
4,True,4
2,True,4
2,True,4
4,True,4
2,True,4
2,True,4
2,True,4
2,True,4
2,True,4
2,True,4
2,True,4
2,True,4
2,True,4
4,True,4
4,True,4
2,True,4
2,True,4
2,True,4
2,True,4
2,True,4
2,True,4
2,True,4
4,True,4
2,True,4
2,True,4
2,True,4
2,True,4
4,True,4
2,True,4
2,True,4
2,True,4
2,True,4
2,True,4
2,True,4
4,True,4
2,True,4
2,True,4
2,True,4
2,True,4
4,True,4
4,True,4
2,True,4
2,True,4
2,True,4
4,True,4
2,True,4
2,True,4
2,True,4
2,True,4
2,True,4
2,True,4
2,True,4
2,True,4
4,True,4
2,True,4
2,True,4
4,True,4
2,True,4
4,True,4
2,True,4
2,True,4
2,True,4
2,True,4
2,True,4
2,True,4
2,True,4
2,True,4
2,True,4
2,True,4
4,True,4
2,True,4
2,True,4
2,True,4
2,True,4
2,True,4
2,True,4
4,True,4
4,True,4
2,True,4
4,True,4
2,True,4
2,True,4
2,True,4
4,True,4
2,True,4
2,True,4
2,True,4
2,True,4
2,True,4
2,True,4
4,True,4
2,True,4
2,True,4
2,True,4
2,True,4
2,True,4
2,True,4
2,True,4
2,True,4
2,True,4
4,True,4
2,True,4
2,True,4
4,True,4
2,True,4
2,True,4
4,True,4
2,True,4
2,True,4
2,True,4
2,True,4
2,True,4
2,True,4
2,True,4
2,True,4
2,True,4
2,True,4
2,True,4
4,True,4
2,True,4
2,True,4
2,True,4
2,True,4
2,True,4
2,True,4
2,True,4
2,True,4
2,True,4
2,True,4
2,True,4
2,True,4
2,True,4
4,True,4
4,True,4
2,True,4
2,True,4
2,True,4
2,True,4
2,True,4
4,True,4
2,True,4
2,True,4
2,True,4
2,True,4
2,True,4
2,True,4
2,True,4
2,True,4
2,True,4
2,True,4
2,True,4
2,True,4
4,True,4
4,True,4
2,True,4
4,True,4
2,True,4
4,True,4
2,True,4
4,True,4
4,True,4
2,True,4
4,True,4
2,True,4
2,True,4
4,True,4
4,True,4
2,True,4
2,True,4
2,True,4
2,True,4
2,True,4
2,True,4
4,True,4
2,True,4
4,True,4
2,True,4
2,True,4
2,True,4
2,True,4
4,True,4
2,True,4
4,True,4
2,True,4
4,True,4
2,True,4
4,True,4
2,True,4
4,True,4
2,True,4
2,True,4
2,True,4
4,True,4
2,True,4
2,True,4
2,True,4
2,True,4
2,True,4
4,True,4
2,True,4
2,True,4
2,True,4
2,True,4
2,True,4
4,True,4
4,True,4
2,True,4
2,True,4
2,True,4
2,True,4
2,True,4
2,True,4
2,True,4
2,True,4
2,True,4
2,True,4
2,True,4
2,True,4
2,True,4
2,True,4
2,True,4
4,True,4
4,True,4
2,True,4
2,True,4
2,True,4
2,True,4
2,True,4
4,True,4
2,True,4
2,True,4
2,True,4
2,True,4
4,True,4
2,True,4
2,True,4
2,True,4
2,True,4
4,True,4
2,True,4
2,True,4
2,True,4
2,True,4
2,True,4
2,True,4
4,True,4
4,True,4
4,True,4
2,True,4
2,True,4
4,True,4
2,True,4
4,True,4
4,True,4
2,True,4
2,True,4
4,True,4
4,True,4
2,True,4
2,True,4
2,True,4
2,True,4
2,True,4
2,True,4
2,True,4
2,True,4
2,True,4
2,True,4
2,True,4
4,True,4
4,True,4
4,True,4
2,True,4
2,True,4
2,True,4
2,True,4
2,True,4
2,True,4
4,True,4
2,True,4
2,True,4
4,True,4
2,True,4
2,True,4
2,True,4
2,True,4
2,True,4
2,True,4
4,True,4
2,True,4
2,True,4
4,True,4
4,True,4
2,True,4
2,True,4
2,True,4
2,True,4
2,True,4
2,True,4
2,True,4
2,True,4
2,True,4
2,True,4
2,True,4
2,True,4
2,True,4
2,True,4
4,True,4
2,True,4
2,True,4
2,True,4
4,True,4
2,True,4
2,True,4
4,True,4
2,True,4
2,True,4
2,True,4
2,True,4
2,True,4
2,True,4
2,True,4
2,True,4
2,True,4
2,True,4
2,True,4
2,True,4
2,True,4
2,True,4
4,True,4
2,True,4
2,True,4
2,True,4
2,True,4
4,True,4
4,True,4
2,True,4
2,True,4
4,True,4
2,True,4
4,True,4
2,True,4
2,True,4
4,True,4
2,True,4
2,True,4
2,True,4
2,True,4
4,True,4
2,True,4
2,True,4
2,True,4
4,True,4
2,True,4
2,True,4
2,True,4
2,True,4
2,True,4
2,True,4
2,True,4
2,True,4
2,True,4
2,True,4
2,True,4
2,True,4
4,True,4
2,True,4
2,True,4
2,True,4
2,True,4
2,True,4
2,True,4
2,True,4
2,True,4
2,True,4
2,True,4
2,True,4
4,True,4
2,True,4
4,True,4
2,True,4
2,True,4
2,True,4
2,True,4
2,True,4
2,True,4
2,True,4
2,True,4
4,True,4
2,True,4
2,True,4
2,True,4
2,True,4
2,True,4
2,True,4
4,True,4
2,True,4
2,True,4
2,True,4
2,True,4
2,True,4
2,True,4
2,True,4
2,True,4
2,True,4
2,True,4
4,True,4
4,True,4
2,True,4
4,True,4
2,True,4
2,True,4
2,True,4
2,True,4
4,True,4
4,True,4
2,True,4
2,True,4
2,True,4
2,True,4
2,True,4
2,True,4
2,True,4
2,True,4
2,True,4
2,True,4
2,True,4
2,True,4
2,True,4
2,True,4
2,True,4
4,True,4
4,True,4
2,True,4
2,True,4
2,True,4
2,True,4
2,True,4
2,True,4
2,True,4
2,True,4
2,True,4
2,True,4
4,True,4
4,True,4
2,True,4
2,True,4
4,True,4
2,True,4
2,True,4
4,True,4
4,True,4
2,True,4
4,True,4
2,True,4
2,True,4
2,True,4
2,True,4
2,True,4
4,True,4
2,True,4
4,True,4
2,True,4
2,True,4
2,True,4
2,True,4
4,True,4
2,True,4
2,True,4
2,True,4
2,True,4
4,True,4
4,True,4
4,True,4
2,True,4
2,True,4
2,True,4
4,True,4
2,True,4
4,True,4
2,True,4
4,True,4
2,True,4
2,True,4
2,True,4
2,True,4
2,True,4
2,True,4
2,True,4
4,True,4
2,True,4
4,True,4
4,True,4
2,True,4
2,True,4
4,True,4
2,True,4
2,True,4
2,True,4
2,True,4
2,True,4
2,True,4
2,True,4
2,True,4
2,True,4
2,True,4
2,True,4
2,True,4
2,True,4
4,True,4
4,True,4
2,True,4
2,True,4
2,True,4
2,True,4
4,True,4
4,True,4
2,True,4
2,True,4
4,True,4
2,True,4
4,True,4
2,True,4
2,True,4
2,True,4
2,True,4
2,True,4
4,True,4
2,True,4
2,True,4
4,True,4
2,True,4
2,True,4
2,True,4
2,True,4
4,True,4
2,True,4
4,True,4
4,True,4
2,True,4
2,True,4
2,True,4
2,True,4
2,True,4
2,True,4
2,True,4
2,True,4
2,True,4
2,True,4
2,True,4
4,True,4
2,True,4
4,True,4
2,True,4
2,True,4
2,True,4
2,True,4
2,True,4
2,True,4
2,True,4
2,True,4
2,True,4
4,True,4
2,True,4
4,True,4
2,True,4
2,True,4
2,True,4
2,True,4
2,True,4
4,True,4
2,True,4
2,True,4
2,True,4
2,True,4
2,True,4
2,True,4
2,True,4
2,True,4
2,True,4
2,True,4
2,True,4
2,True,4
2,True,4
4,True,4
2,True,4
4,True,4
4,True,4
2,True,4
2,True,4
4,True,4
2,True,4
4,True,4
2,True,4
2,True,4
2,True,4
2,True,4
2,True,4
2,True,4
2,True,4
2,True,4
2,True,4
2,True,4
2,True,4
2,True,4
2,True,4
2,True,4
2,True,4
2,True,4
2,True,4
4,True,4
2,True,4
2,True,4
2,True,4
4,True,4
4,True,4
2,True,4
2,True,4
2,True,4
2,True,4
2,True,4
2,True,4
2,True,4
4,True,4
4,True,4
2,True,4
2,True,4
2,True,4
2,True,4
2,True,4
2,True,4
2,True,4
2,True,4
2,True,4
2,True,4
2,True,4
2,True,4
2,True,4
2,True,4
4,True,4
2,True,4
2,True,4
2,True,4
4,True,4
2,True,4
4,True,4
2,True,4
2,True,4
2,True,4
2,True,4
4,True,4
2,True,4
2,True,4
2,True,4
2,True,4
2,True,4
2,True,4
2,True,4
2,True,4
2,True,4
2,True,4
2,True,4
2,True,4
2,True,4
2,True,4
2,True,4
2,True,4
2,True,4
4,True,4
2,True,4
2,True,4
2,True,4
2,True,4
2,True,4
4,True,4
4,True,4
2,True,4
4,True,4
2,True,4
4,True,4
2,True,4
4,True,4
2,True,4
2,True,4
2,True,4
2,True,4
2,True,4
2,True,4
2,True,4
2,True,4
2,True,4
2,True,4
2,True,4
2,True,4
2,True,4
2,True,4
2,True,4
2,True,4
2,True,4
2,True,4
2,True,4
2,True,4
2,True,4
2,True,4
2,True,4
2,True,4
2,True,4
2,True,4
2,True,4
2,True,4
2,True,4
2,True,4
2,True,4
4,True,4
2,True,4
2,True,4
2,True,4
2,True,4
2,True,4
2,True,4
2,True,4
2,True,4
4,True,4
2,True,4
2,True,4
2,True,4
2,True,4
4,True,4
2,True,4
2,True,4
4,True,4
2,True,4
2,True,4
2,True,4
2,True,4
2,True,4
2,True,4
2,True,4
4,True,4
4,True,4
2,True,4
2,True,4
2,True,4
2,True,4
2,True,4
4,True,4
2,True,4
2,True,4
2,True,4
2,True,4
2,True,4
2,True,4
2,True,4
4,True,4
2,True,4
2,True,4
2,True,4
2,True,4
2,True,4
2,True,4
2,True,4
2,True,4
2,True,4
4,True,4
2,True,4
0,True,5
0,True,5
0,True,5
0,True,5
0,True,5
0,True,5
0,True,5
0,True,5
0,True,5
0,True,5
0,True,5
0,True,5
0,True,5
0,True,5
0,True,5
0,True,5
0,True,5
0,True,5
0,True,5
0,True,5
0,True,5
0,True,5
0,True,5
0,True,5
0,True,5
0,True,5
0,True,5
0,True,5
0,True,5
0,True,5
0,True,5
0,True,5
0,True,5
0,True,5
0,True,5
0,True,5
0,True,5
0,True,5
0,True,5
0,True,5
0,True,5
0,True,5
0,True,5
0,True,5
0,True,5
0,True,5
0,True,5
0,True,5
0,True,5
0,True,5
0,True,5
0,True,5
0,True,5
0,True,5
0,True,5
0,True,5
0,True,5
0,True,5
0,True,5
0,True,5
0,True,5
0,True,5
0,True,5
0,True,5
0,True,5
0,True,5
0,True,5
0,True,5
0,True,5
0,True,5
0,True,5
0,True,5
0,True,5
0,True,5
0,True,5
0,True,5
0,True,5
0,True,5
0,True,5
0,True,5
0,True,5
0,True,5
0,True,5
0,True,5
0,True,5
0,True,5
0,True,5
0,True,5
0,True,5
0,True,5
0,True,5
0,True,5
0,True,5
0,True,5
0,True,5
0,True,5
0,True,5
0,True,5
0,True,5
0,True,5
0,True,5
0,True,5
0,True,5
0,True,5
0,True,5
0,True,5
0,True,5
0,True,5
0,True,5
0,True,5
0,True,5
0,True,5
0,True,5
0,True,5
0,True,5
0,True,5
0,True,5
0,True,5
0,True,5
0,True,5
0,True,5
0,True,5
0,True,5
0,True,5
0,True,5
0,True,5
0,True,5
0,True,5
0,True,5
0,True,5
0,True,5
0,True,5
0,True,5
0,True,5
0,True,5
0,True,5
0,True,5
0,True,5
0,True,5
0,True,5
0,True,5
0,True,5
0,True,5
0,True,5
0,True,5
0,True,5
0,True,5
0,True,5
0,True,5
0,True,5
0,True,5
0,True,5
0,True,5
0,True,5
0,True,5
0,True,5
0,True,5
0,True,5
0,True,5
0,True,5
0,True,5
0,True,5
0,True,5
0,True,5
0,True,5
0,True,5
0,True,5
0,True,5
0,True,5
0,True,5
0,True,5
0,True,5
0,True,5
0,True,5
0,True,5
0,True,5
0,True,5
0,True,5
0,True,5
0,True,5
0,True,5
0,True,5
0,True,5
0,True,5
0,True,5
0,True,5
0,True,5
0,True,5
0,True,5
0,True,5
0,True,5
0,True,5
0,True,5
0,True,5
0,True,5
0,True,5
0,True,5
0,True,5
0,True,5
0,True,5
0,True,5
0,True,5
0,True,5
0,True,5
0,True,5
0,True,5
0,True,5
0,True,5
0,True,5
0,True,5
0,True,5
0,True,5
0,True,5
0,True,5
0,True,5
0,True,5
0,True,5
0,True,5
0,True,5
0,True,5
0,True,5
0,True,5
0,True,5
0,True,5
0,True,5
0,True,5
0,True,5
0,True,5
0,True,5
0,True,5
0,True,5
0,True,5
0,True,5
0,True,5
0,True,5
0,True,5
0,True,5
0,True,5
0,True,5
0,True,5
0,True,5
0,True,5
0,True,5
0,True,5
0,True,5
0,True,5
0,True,5
0,True,5
0,True,5
0,True,5
0,True,5
0,True,5
0,True,5
0,True,5
0,True,5
0,True,5
0,True,5
0,True,5
0,True,5
0,True,5
0,True,5
0,True,5
0,True,5
0,True,5
0,True,5
0,True,5
0,True,5
0,True,5
0,True,5
0,True,5
0,True,5
0,True,5
0,True,5
0,True,5
0,True,5
0,True,5
0,True,5
0,True,5
0,True,5
0,True,5
0,True,5
0,True,5
0,True,5
0,True,5
0,True,5
0,True,5
0,True,5
0,True,5
0,True,5
0,True,5
0,True,5
0,True,5
0,True,5
0,True,5
0,True,5
0,True,5
0,True,5
0,True,5
0,True,5
0,True,5
0,True,5
0,True,5
0,True,5
0,True,5
0,True,5
0,True,5
0,True,5
0,True,5
0,True,5
0,True,5
0,True,5
0,True,5
0,True,5
0,True,5
0,True,5
0,True,5
0,True,5
0,True,5
0,True,5
0,True,5
0,True,5
0,True,5
0,True,5
0,True,5
0,True,5
0,True,5
0,True,5
0,True,5
0,True,5
0,True,5
0,True,5
0,True,5
0,True,5
0,True,5
0,True,5
0,True,5
0,True,5
0,True,5
0,True,5
0,True,5
0,True,5
0,True,5
0,True,5
0,True,5
0,True,5
0,True,5
0,True,5
0,True,5
0,True,5
0,True,5
0,True,5
0,True,5
0,True,5
0,True,5
0,True,5
0,True,5
0,True,5
0,True,5
0,True,5
0,True,5
0,True,5
0,True,5
0,True,5
0,True,5
0,True,5
0,True,5
0,True,5
0,True,5
0,True,5
0,True,5
0,True,5
0,True,5
0,True,5
0,True,5
0,True,5
0,True,5
0,True,5
0,True,5
0,True,5
0,True,5
0,True,5
0,True,5
0,True,5
0,True,5
0,True,5
0,True,5
0,True,5
0,True,5
0,True,5
0,True,5
0,True,5
0,True,5
0,True,5
0,True,5
0,True,5
0,True,5
0,True,5
0,True,5
0,True,5
0,True,5
0,True,5
0,True,5
0,True,5
0,True,5
0,True,5
0,True,5
0,True,5
0,True,5
0,True,5
0,True,5
0,True,5
0,True,5
0,True,5
0,True,5
0,True,5
0,True,5
0,True,5
0,True,5
0,True,5
0,True,5
0,True,5
0,True,5
0,True,5
0,True,5
0,True,5
0,True,5
0,True,5
0,True,5
0,True,5
0,True,5
0,True,5
0,True,5
0,True,5
0,True,5
0,True,5
0,True,5
0,True,5
0,True,5
0,True,5
0,True,5
0,True,5
0,True,5
0,True,5
0,True,5
0,True,5
0,True,5
0,True,5
0,True,5
0,True,5
0,True,5
0,True,5
0,True,5
0,True,5
0,True,5
0,True,5
0,True,5
0,True,5
0,True,5
0,True,5
0,True,5
0,True,5
0,True,5
0,True,5
0,True,5
0,True,5
0,True,5
0,True,5
0,True,5
0,True,5
0,True,5
0,True,5
0,True,5
0,True,5
0,True,5
0,True,5
0,True,5
0,True,5
0,True,5
0,True,5
0,True,5
0,True,5
0,True,5
0,True,5
0,True,5
0,True,5
0,True,5
0,True,5
0,True,5
0,True,5
0,True,5
0,True,5
0,True,5
0,True,5
0,True,5
0,True,5
0,True,5
0,True,5
0,True,5
0,True,5
0,True,5
0,True,5
0,True,5
0,True,5
0,True,5
0,True,5
0,True,5
0,True,5
0,True,5
0,True,5
0,True,5
0,True,5
0,True,5
0,True,5
0,True,5
0,True,5
0,True,5
0,True,5
0,True,5
0,True,5
0,True,5
0,True,5
0,True,5
0,True,5
0,True,5
0,True,5
0,True,5
0,True,5
0,True,5
0,True,5
0,True,5
0,True,5
0,True,5
0,True,5
0,True,5
0,True,5
0,True,5
0,True,5
0,True,5
0,True,5
0,True,5
0,True,5
0,True,5
0,True,5
0,True,5
0,True,5
0,True,5
0,True,5
0,True,5
0,True,5
0,True,5
0,True,5
0,True,5
0,True,5
0,True,5
0,True,5
0,True,5
0,True,5
0,True,5
0,True,5
0,True,5
0,True,5
0,True,5
0,True,5
0,True,5
0,True,5
0,True,5
0,True,5
0,True,5
0,True,5
0,True,5
0,True,5
0,True,5
0,True,5
0,True,5
0,True,5
0,True,5
0,True,5
0,True,5
0,True,5
0,True,5
0,True,5
0,True,5
0,True,5
0,True,5
0,True,5
0,True,5
0,True,5
0,True,5
0,True,5
0,True,5
0,True,5
0,True,5
0,True,5
0,True,5
0,True,5
0,True,5
0,True,5
0,True,5
0,True,5
0,True,5
0,True,5
0,True,5
0,True,5
0,True,5
0,True,5
0,True,5
0,True,5
0,True,5
0,True,5
0,True,5
0,True,5
0,True,5
0,True,5
0,True,5
0,True,5
0,True,5
0,True,5
0,True,5
0,True,5
0,True,5
0,True,5
0,True,5
0,True,5
0,True,5
0,True,5
0,True,5
0,True,5
0,True,5
0,True,5
0,True,5
0,True,5
0,True,5
0,True,5
0,True,5
0,True,5
0,True,5
0,True,5
0,True,5
0,True,5
0,True,5
0,True,5
0,True,5
0,True,5
0,True,5
0,True,5
0,True,5
0,True,5
0,True,5
0,True,5
0,True,5
0,True,5
0,True,5
0,True,5
0,True,5
0,True,5
0,True,5
0,True,5
0,True,5
0,True,5
0,True,5
0,True,5
0,True,5
0,True,5
0,True,5
0,True,5
0,True,5
0,True,5
0,True,5
0,True,5
0,True,5
0,True,5
0,True,5
0,True,5
0,True,5
0,True,5
0,True,5
0,True,5
0,True,5
0,True,5
0,True,5
0,True,5
0,True,5
0,True,5
0,True,5
0,True,5
0,True,5
0,True,5
0,True,5
0,True,5
0,True,5
0,True,5
0,True,5
0,True,5
0,True,5
0,True,5
0,True,5
0,True,5
0,True,5
0,True,5
0,True,5
0,True,5
0,True,5
0,True,5
0,True,5
0,True,5
0,True,5
0,True,5
0,True,5
0,True,5
0,True,5
0,True,5
0,True,5
0,True,5
0,True,5
0,True,5
0,True,5
0,True,5
0,True,5
0,True,5
0,True,5
0,True,5
0,True,5
0,True,5
0,True,5
0,True,5
0,True,5
0,True,5
0,True,5
0,True,5
0,True,5
0,True,5
0,True,5
0,True,5
0,True,5
0,True,5
0,True,5
0,True,5
0,True,5
0,True,5
0,True,5
0,True,5
0,True,5
0,True,5
0,True,5
0,True,5
0,True,5
0,True,5
0,True,5
0,True,5
0,True,5
0,True,5
0,True,5
0,True,5
0,True,5
0,True,5
0,True,5
0,True,5
0,True,5
0,True,5
0,True,5
0,True,5
0,True,5
0,True,5
0,True,5
0,True,5
0,True,5
0,True,5
0,True,5
0,True,5
0,True,5
0,True,5
0,True,5
0,True,5
0,True,5
0,True,5
0,True,5
0,True,5
0,True,5
0,True,5
0,True,5
0,True,5
0,True,5
0,True,5
0,True,5
0,True,5
0,True,5
0,True,5
0,True,5
0,True,5
0,True,5
0,True,5
0,True,5
0,True,5
0,True,5
0,True,5
0,True,5
0,True,5
0,True,5
0,True,5
0,True,5
0,True,5
0,True,5
0,True,5
0,True,5
0,True,5
0,True,5
0,True,5
0,True,5
0,True,5
0,True,5
0,True,5
0,True,5
0,True,5
0,True,5
0,True,5
0,True,5
0,True,5
0,True,5
0,True,5
0,True,5
0,True,5
0,True,5
0,True,5
0,True,5
0,True,5
0,True,5
0,True,5
0,True,5
0,True,5
0,True,5
0,True,5
0,True,5
0,True,5
0,True,5
0,True,5
0,True,5
0,True,5
0,True,5
0,True,5
0,True,5
0,True,5
0,True,5
0,True,5
0,True,5
0,True,5
0,True,5
0,True,5
0,True,5
0,True,5
0,True,5
0,True,5
0,True,5
0,True,5
0,True,5
0,True,5
0,True,5
0,True,5
0,True,5
0,True,5
0,True,5
0,True,5
0,True,5
0,True,5
0,True,5
0,True,5
0,True,5
0,True,5
0,True,5
0,True,5
0,True,5
0,True,5
0,True,5
0,True,5
0,True,5
0,True,5
0,True,5
0,True,5
0,True,5
0,True,5
0,True,5
0,True,5
0,True,5
0,True,5
0,True,5
0,True,5
0,True,5
0,True,5
0,True,5
0,True,5
0,True,5
0,True,5
0,True,5
0,True,5
0,True,5
0,True,5
0,True,5
0,True,5
0,True,5
0,True,5
0,True,5
0,True,5
0,True,5
0,True,5
0,True,5
0,True,5
0,True,5
0,True,5
0,True,5
0,True,5
0,True,5
0,True,5
0,True,5
0,True,5
0,True,5
0,True,5
0,True,5
0,True,5
0,True,5
0,True,5
0,True,5
0,True,5
0,True,5
0,True,5
0,True,5
0,True,5
0,True,5
0,True,5
0,True,5
0,True,5
0,True,5
0,True,5
0,True,5
0,True,5
0,True,5
0,True,5
0,True,5
0,True,5
0,True,5
0,True,5
0,True,5
0,True,5
0,True,5
0,True,5
0,True,5
0,True,5
0,True,5
0,True,5
0,True,5
0,True,5
0,True,5
0,True,5
0,True,5
0,True,5
0,True,5
0,True,5
0,True,5
0,True,5
0,True,5
0,True,5
0,True,5
0,True,5
0,True,5
0,True,5
0,True,5
0,True,5
0,True,5
0,True,5
0,True,5
0,True,5
0,True,5
0,True,5
0,True,5
0,True,5
0,True,5
0,True,5
0,True,5
0,True,5
0,True,5
0,True,5
0,True,5
0,True,5
0,True,5
0,True,5
0,True,5
0,True,5
0,True,5
0,True,5
0,True,5
0,True,5
0,True,5
0,True,5
0,True,5
0,True,5
0,True,5
0,True,5
0,True,5
0,True,5
0,True,5
0,True,5
0,True,5
